[{"created_at":"Mon Sep 21 10:53:50 +0000 2015","id":645913823199690752,"id_str":"645913823199690752","text":"Tips apa yang bisa diberikan #AskRio agar usaha yang dijalankan bisa memberdayakan masyarakat &amp; sustain ? #TerasMahasiswa","truncated":false,"entities":{"hashtags":[{"text":"AskRio","indices":[29,36]},{"text":"TerasMahasiswa","indices":[110,125]}],"symbols":[],"user_mentions":[],"urls":[]},"source":"\u003ca href=\"http:\/\/twitter.com\" rel=\"nofollow\"\u003eTwitter Web Client\u003c\/a\u003e","in_reply_to_status_id":null,"in_reply_to_status_id_str":null,"in_reply_to_user_id":null,"in_reply_to_user_id_str":null,"in_reply_to_screen_name":null,"user":{"id":66985795,"id_str":"66985795","name":"E!","screen_name":"evanto","location":"","description":"","url":null,"entities":{"description":{"urls":[]}},"protected":false,"followers_count":712,"friends_count":458,"listed_count":3,"created_at":"Wed Aug 19 12:26:12 +0000 2009","favourites_count":19,"utc_offset":25200,"time_zone":"Jakarta","geo_enabled":false,"verified":false,"statuses_count":27257,"lang":"en","contributors_enabled":false,"is_translator":false,"is_translation_enabled":false,"profile_background_color":"4429DB","profile_background_image_url":"http:\/\/pbs.twimg.com\/profile_background_images\/596409587\/7z64ox9kez5xv0xbfnz7.jpeg","profile_background_image_url_https":"https:\/\/pbs.twimg.com\/profile_background_images\/596409587\/7z64ox9kez5xv0xbfnz7.jpeg","profile_background_tile":true,"profile_image_url":"http:\/\/pbs.twimg.com\/profile_images\/553201777458180097\/rRDk88nV_normal.jpeg","profile_image_url_https":"https:\/\/pbs.twimg.com\/profile_images\/553201777458180097\/rRDk88nV_normal.jpeg","profile_banner_url":"https:\/\/pbs.twimg.com\/profile_banners\/66985795\/1398007308","profile_link_color":"4CED7A","profile_sidebar_border_color":"0A0D0D","profile_sidebar_fill_color":"EBBA94","profile_text_color":"D18B23","profile_use_background_image":true,"has_extended_profile":false,"default_profile":false,"default_profile_image":false,"following":false,"follow_request_sent":false,"notifications":false},"geo":null,"coordinates":null,"place":null,"contributors":null,"is_quote_status":false,"retweet_count":0,"favorite_count":0,"favorited":false,"retweeted":false,"lang":"in"},{"created_at":"Mon Sep 21 10:52:58 +0000 2015","id":645913603271299072,"id_str":"645913603271299072","text":"Terkadang orang menjalankan sebuah usaha hanya karena tren semata, masyarakat pun merespon bisnis latahan ini. Bgm menurut #AskHandoko?","truncated":false,"entities":{"hashtags":[{"text":"AskHandoko","indices":[123,134]}],"symbols":[],"user_mentions":[],"urls":[]},"source":"\u003ca href=\"http:\/\/twitter.com\" rel=\"nofollow\"\u003eTwitter Web Client\u003c\/a\u003e","in_reply_to_status_id":null,"in_reply_to_status_id_str":null,"in_reply_to_user_id":null,"in_reply_to_user_id_str":null,"in_reply_to_screen_name":null,"user":{"id":66985795,"id_str":"66985795","name":"E!","screen_name":"evanto","location":"","description":"","url":null,"entities":{"description":{"urls":[]}},"protected":false,"followers_count":712,"friends_count":458,"listed_count":3,"created_at":"Wed Aug 19 12:26:12 +0000 2009","favourites_count":19,"utc_offset":25200,"time_zone":"Jakarta","geo_enabled":false,"verified":false,"statuses_count":27257,"lang":"en","contributors_enabled":false,"is_translator":false,"is_translation_enabled":false,"profile_background_color":"4429DB","profile_background_image_url":"http:\/\/pbs.twimg.com\/profile_background_images\/596409587\/7z64ox9kez5xv0xbfnz7.jpeg","profile_background_image_url_https":"https:\/\/pbs.twimg.com\/profile_background_images\/596409587\/7z64ox9kez5xv0xbfnz7.jpeg","profile_background_tile":true,"profile_image_url":"http:\/\/pbs.twimg.com\/profile_images\/553201777458180097\/rRDk88nV_normal.jpeg","profile_image_url_https":"https:\/\/pbs.twimg.com\/profile_images\/553201777458180097\/rRDk88nV_normal.jpeg","profile_banner_url":"https:\/\/pbs.twimg.com\/profile_banners\/66985795\/1398007308","profile_link_color":"4CED7A","profile_sidebar_border_color":"0A0D0D","profile_sidebar_fill_color":"EBBA94","profile_text_color":"D18B23","profile_use_background_image":true,"has_extended_profile":false,"default_profile":false,"default_profile_image":false,"following":false,"follow_request_sent":false,"notifications":false},"geo":null,"coordinates":null,"place":null,"contributors":null,"is_quote_status":false,"retweet_count":0,"favorite_count":0,"favorited":false,"retweeted":false,"lang":"in"}]