[{"created_at":"Tue May 17 00:35:21 +0000 2016","id":732368874881097729,"id_str":"732368874881097729","text":"RT @RailsGirlsSoC: @envato Diversifying the tech industry, one new programmer at a time! #rgsoc #diversifytech https:\/\/t.co\/XTFGMXzV8D http\u2026","truncated":false,"entities":{"hashtags":[{"text":"rgsoc","indices":[89,95]},{"text":"diversifytech","indices":[96,110]}],"symbols":[],"user_mentions":[{"screen_name":"RailsGirlsSoC","name":"Rails Girls SoC","id":1370240701,"id_str":"1370240701","indices":[3,17]},{"screen_name":"envato","name":"Envato","id":16582191,"id_str":"16582191","indices":[19,26]}],"urls":[{"url":"https:\/\/t.co\/XTFGMXzV8D","expanded_url":"http:\/\/buff.ly\/1QZpX9F","display_url":"buff.ly\/1QZpX9F","indices":[111,134]}],"media":[{"id":732226127868088320,"id_str":"732226127868088320","indices":[139,140],"media_url":"http:\/\/pbs.twimg.com\/media\/CiljyKbWUAAw8Y8.jpg","media_url_https":"https:\/\/pbs.twimg.com\/media\/CiljyKbWUAAw8Y8.jpg","url":"https:\/\/t.co\/lvegewDsaB","display_url":"pic.twitter.com\/lvegewDsaB","expanded_url":"http:\/\/twitter.com\/RailsGirlsSoC\/status\/732226129197682692\/photo\/1","type":"photo","sizes":{"small":{"w":340,"h":340,"resize":"fit"},"thumb":{"w":150,"h":150,"resize":"crop"},"large":{"w":1024,"h":1024,"resize":"fit"},"medium":{"w":600,"h":600,"resize":"fit"}},"source_status_id":732226129197682692,"source_status_id_str":"732226129197682692","source_user_id":1370240701,"source_user_id_str":"1370240701"}]},"extended_entities":{"media":[{"id":732226127868088320,"id_str":"732226127868088320","indices":[139,140],"media_url":"http:\/\/pbs.twimg.com\/media\/CiljyKbWUAAw8Y8.jpg","media_url_https":"https:\/\/pbs.twimg.com\/media\/CiljyKbWUAAw8Y8.jpg","url":"https:\/\/t.co\/lvegewDsaB","display_url":"pic.twitter.com\/lvegewDsaB","expanded_url":"http:\/\/twitter.com\/RailsGirlsSoC\/status\/732226129197682692\/photo\/1","type":"photo","sizes":{"small":{"w":340,"h":340,"resize":"fit"},"thumb":{"w":150,"h":150,"resize":"crop"},"large":{"w":1024,"h":1024,"resize":"fit"},"medium":{"w":600,"h":600,"resize":"fit"}},"source_status_id":732226129197682692,"source_status_id_str":"732226129197682692","source_user_id":1370240701,"source_user_id_str":"1370240701"}]},"source":"\u003ca href=\"http:\/\/www.hootsuite.com\" rel=\"nofollow\"\u003eHootsuite\u003c\/a\u003e","in_reply_to_status_id":null,"in_reply_to_status_id_str":null,"in_reply_to_user_id":null,"in_reply_to_user_id_str":null,"in_reply_to_screen_name":null,"user":{"id":16582191,"id_str":"16582191","name":"Envato","screen_name":"envato","location":"Melbourne","description":"A global community of designers & developers. #Australian made #startup @envatomarket @tutsplus. Customer support @envato_help","url":"http:\/\/t.co\/5OvUThFPYI","entities":{"url":{"urls":[{"url":"http:\/\/t.co\/5OvUThFPYI","expanded_url":"http:\/\/envato.com","display_url":"envato.com","indices":[0,22]}]},"description":{"urls":[]}},"protected":false,"followers_count":59153,"friends_count":1482,"listed_count":1978,"created_at":"Fri Oct 03 19:11:51 +0000 2008","favourites_count":650,"utc_offset":36000,"time_zone":"Melbourne","geo_enabled":false,"verified":true,"statuses_count":7606,"lang":"en","contributors_enabled":false,"is_translator":false,"is_translation_enabled":false,"profile_background_color":"323435","profile_background_image_url":"http:\/\/pbs.twimg.com\/profile_background_images\/378800000036129044\/4aaf87e960f30537daa1a0a0c3c4fc31.jpeg","profile_background_image_url_https":"https:\/\/pbs.twimg.com\/profile_background_images\/378800000036129044\/4aaf87e960f30537daa1a0a0c3c4fc31.jpeg","profile_background_tile":false,"profile_image_url":"http:\/\/pbs.twimg.com\/profile_images\/655904741617086464\/nwevoHSQ_normal.png","profile_image_url_https":"https:\/\/pbs.twimg.com\/profile_images\/655904741617086464\/nwevoHSQ_normal.png","profile_banner_url":"https:\/\/pbs.twimg.com\/profile_banners\/16582191\/1448924865","profile_link_color":"83B449","profile_sidebar_border_color":"FFFFFF","profile_sidebar_fill_color":"6C9450","profile_text_color":"242424","profile_use_background_image":true,"has_extended_profile":false,"default_profile":false,"default_profile_image":false,"following":false,"follow_request_sent":false,"notifications":false},"geo":null,"coordinates":null,"place":null,"contributors":null,"retweeted_status":{"created_at":"Mon May 16 15:08:07 +0000 2016","id":732226129197682692,"id_str":"732226129197682692","text":"@envato Diversifying the tech industry, one new programmer at a time! #rgsoc #diversifytech https:\/\/t.co\/XTFGMXzV8D https:\/\/t.co\/lvegewDsaB","truncated":false,"entities":{"hashtags":[{"text":"rgsoc","indices":[70,76]},{"text":"diversifytech","indices":[77,91]}],"symbols":[],"user_mentions":[{"screen_name":"envato","name":"Envato","id":16582191,"id_str":"16582191","indices":[0,7]}],"urls":[{"url":"https:\/\/t.co\/XTFGMXzV8D","expanded_url":"http:\/\/buff.ly\/1QZpX9F","display_url":"buff.ly\/1QZpX9F","indices":[92,115]}],"media":[{"id":732226127868088320,"id_str":"732226127868088320","indices":[116,139],"media_url":"http:\/\/pbs.twimg.com\/media\/CiljyKbWUAAw8Y8.jpg","media_url_https":"https:\/\/pbs.twimg.com\/media\/CiljyKbWUAAw8Y8.jpg","url":"https:\/\/t.co\/lvegewDsaB","display_url":"pic.twitter.com\/lvegewDsaB","expanded_url":"http:\/\/twitter.com\/RailsGirlsSoC\/status\/732226129197682692\/photo\/1","type":"photo","sizes":{"small":{"w":340,"h":340,"resize":"fit"},"thumb":{"w":150,"h":150,"resize":"crop"},"large":{"w":1024,"h":1024,"resize":"fit"},"medium":{"w":600,"h":600,"resize":"fit"}}}]},"extended_entities":{"media":[{"id":732226127868088320,"id_str":"732226127868088320","indices":[116,139],"media_url":"http:\/\/pbs.twimg.com\/media\/CiljyKbWUAAw8Y8.jpg","media_url_https":"https:\/\/pbs.twimg.com\/media\/CiljyKbWUAAw8Y8.jpg","url":"https:\/\/t.co\/lvegewDsaB","display_url":"pic.twitter.com\/lvegewDsaB","expanded_url":"http:\/\/twitter.com\/RailsGirlsSoC\/status\/732226129197682692\/photo\/1","type":"photo","sizes":{"small":{"w":340,"h":340,"resize":"fit"},"thumb":{"w":150,"h":150,"resize":"crop"},"large":{"w":1024,"h":1024,"resize":"fit"},"medium":{"w":600,"h":600,"resize":"fit"}}}]},"source":"\u003ca href=\"http:\/\/twitter.com\" rel=\"nofollow\"\u003eTwitter Web Client\u003c\/a\u003e","in_reply_to_status_id":null,"in_reply_to_status_id_str":null,"in_reply_to_user_id":16582191,"in_reply_to_user_id_str":"16582191","in_reply_to_screen_name":"envato","user":{"id":1370240701,"id_str":"1370240701","name":"Rails Girls SoC","screen_name":"RailsGirlsSoC","location":"International","description":"Get more women into Open Source! July-September 2016\n\nDonate now:  https:\/\/t.co\/AK80gzfKTi","url":"https:\/\/t.co\/FJJPRglugF","entities":{"url":{"urls":[{"url":"https:\/\/t.co\/FJJPRglugF","expanded_url":"http:\/\/railsgirlssummerofcode.org","display_url":"railsgirlssummerofcode.org","indices":[0,23]}]},"description":{"urls":[{"url":"https:\/\/t.co\/AK80gzfKTi","expanded_url":"http:\/\/railsgirlssummerofcode.org\/campaign\/","display_url":"railsgirlssummerofcode.org\/campaign\/","indices":[67,90]}]}},"protected":false,"followers_count":2536,"friends_count":719,"listed_count":119,"created_at":"Sun Apr 21 18:19:25 +0000 2013","favourites_count":1719,"utc_offset":7200,"time_zone":"Bern","geo_enabled":false,"verified":false,"statuses_count":2863,"lang":"en","contributors_enabled":false,"is_translator":false,"is_translation_enabled":false,"profile_background_color":"FFFFFF","profile_background_image_url":"http:\/\/abs.twimg.com\/images\/themes\/theme10\/bg.gif","profile_background_image_url_https":"https:\/\/abs.twimg.com\/images\/themes\/theme10\/bg.gif","profile_background_tile":true,"profile_image_url":"http:\/\/pbs.twimg.com\/profile_images\/3767942211\/5d122cdf7e08a30ab07180cf92122cbc_normal.png","profile_image_url_https":"https:\/\/pbs.twimg.com\/profile_images\/3767942211\/5d122cdf7e08a30ab07180cf92122cbc_normal.png","profile_banner_url":"https:\/\/pbs.twimg.com\/profile_banners\/1370240701\/1396369885","profile_link_color":"FF0000","profile_sidebar_border_color":"FFFFFF","profile_sidebar_fill_color":"DDEEF6","profile_text_color":"333333","profile_use_background_image":false,"has_extended_profile":false,"default_profile":false,"default_profile_image":false,"following":false,"follow_request_sent":false,"notifications":false},"geo":null,"coordinates":null,"place":null,"contributors":null,"is_quote_status":false,"retweet_count":2,"favorite_count":1,"favorited":false,"retweeted":false,"possibly_sensitive":false,"lang":"en"},"is_quote_status":false,"retweet_count":2,"favorite_count":0,"favorited":false,"retweeted":false,"possibly_sensitive":false,"lang":"en"},{"created_at":"Mon May 16 15:00:57 +0000 2016","id":732224322299891712,"id_str":"732224322299891712","text":"@morb01 Hey Simon, we're just happy you found them after all! :) ^TC","truncated":false,"entities":{"hashtags":[],"symbols":[],"user_mentions":[{"screen_name":"morb01","name":"Simon S Bromfield","id":16378860,"id_str":"16378860","indices":[0,7]}],"urls":[]},"source":"\u003ca href=\"http:\/\/www.hootsuite.com\" rel=\"nofollow\"\u003eHootsuite\u003c\/a\u003e","in_reply_to_status_id":732183720195690497,"in_reply_to_status_id_str":"732183720195690497","in_reply_to_user_id":16378860,"in_reply_to_user_id_str":"16378860","in_reply_to_screen_name":"morb01","user":{"id":16582191,"id_str":"16582191","name":"Envato","screen_name":"envato","location":"Melbourne","description":"A global community of designers & developers. #Australian made #startup @envatomarket @tutsplus. Customer support @envato_help","url":"http:\/\/t.co\/5OvUThFPYI","entities":{"url":{"urls":[{"url":"http:\/\/t.co\/5OvUThFPYI","expanded_url":"http:\/\/envato.com","display_url":"envato.com","indices":[0,22]}]},"description":{"urls":[]}},"protected":false,"followers_count":59153,"friends_count":1482,"listed_count":1978,"created_at":"Fri Oct 03 19:11:51 +0000 2008","favourites_count":650,"utc_offset":36000,"time_zone":"Melbourne","geo_enabled":false,"verified":true,"statuses_count":7606,"lang":"en","contributors_enabled":false,"is_translator":false,"is_translation_enabled":false,"profile_background_color":"323435","profile_background_image_url":"http:\/\/pbs.twimg.com\/profile_background_images\/378800000036129044\/4aaf87e960f30537daa1a0a0c3c4fc31.jpeg","profile_background_image_url_https":"https:\/\/pbs.twimg.com\/profile_background_images\/378800000036129044\/4aaf87e960f30537daa1a0a0c3c4fc31.jpeg","profile_background_tile":false,"profile_image_url":"http:\/\/pbs.twimg.com\/profile_images\/655904741617086464\/nwevoHSQ_normal.png","profile_image_url_https":"https:\/\/pbs.twimg.com\/profile_images\/655904741617086464\/nwevoHSQ_normal.png","profile_banner_url":"https:\/\/pbs.twimg.com\/profile_banners\/16582191\/1448924865","profile_link_color":"83B449","profile_sidebar_border_color":"FFFFFF","profile_sidebar_fill_color":"6C9450","profile_text_color":"242424","profile_use_background_image":true,"has_extended_profile":false,"default_profile":false,"default_profile_image":false,"following":false,"follow_request_sent":false,"notifications":false},"geo":null,"coordinates":null,"place":null,"contributors":null,"is_quote_status":false,"retweet_count":0,"favorite_count":0,"favorited":false,"retweeted":false,"lang":"en"}]